FirstName,Gender
Maham,female
Juanna,female
Altark,male
Solam,male
Willy,male
Sandie,female
Billex,male
Candra,female
Andona,female
Erraiam,male
Altardr,male
Wezena,female
Berers,male
Reney,male
Elle,female
Justie,female
Flats,male
Carry,female
Alus,andy
Lyde,female
Philda,female
Almary,female
Glendy,female
Mollen,female
Breney,male
Mael,male
Terta,male
unknown,unknown
Penton,male
Karard,male
Anyoni,male
Ceros,male
Ginia,female
Coobix,male
Cinets,male
Dontch,male
Ziba,female
Luse,female
Marina,female
Loise,female
Jorgie,female
Margia,female
Ankalik,male
Jodye,female
Kayne,male
Cassa,male
Zelowl,male
Mass,male
Sony,male
Vivia,female
Elaney,female
Elson,male
Okulas,male
Instab,male
Zinoces,male
Warry,male
Shanya,female
Sterry,andy
Colatz,male
Diandy,male
Ninaha,female
Celine,female
Velyne,female
Cinst,male
Meremy,male
Nelly,female
Thell,male
Gorn,male
Aldibah,female
Conk,male
Pon,male
Spuri,male
Dellie,female
Totse,male
Eaturs,male
Coren,andy
Furudah,male
Stmeal,male
Heremy,male
Deanne,female
Tinez,male
Gracy,female
Stald,male
Tiney,female
Alchium,male
Doria,female
Leence,female
Aliey,male
Thewis,male
Book,male
Ritany,female
Arlen,male
Shaele,female
Fanne,female
Natald,female
Oline,female
Graviph,male
Aldeba,male
Alaratz,male
Izark,male
Aldera,male
Moth,male
Idary,female
Maura,female
Rohs,male
Alhenah,male
Batan,male
Kleeiak,male
Bees,male
Shelle,female
Iree,female
Milly,female
Miloss,male
Grohs,male
Barave,male
Race,male
Flynx,male
Egrasp,male
Camina,female
Fayene,female
Monah,female
Charda,female
Evaley,male
Verney,male
Pyrohs,male
Guadae,male
Verly,female
Samie,male
Corsh,male
Billya,male
Shanie,female
Andan,male
Gory,female
Kabiton,male
Scharab,male
Fany,female
Ianya,female
Graven,male
Miten,male
Rios,male
Wandy,female
Mollie,female
Coracy,female
Hanna,female
Hilip,male
Doryn,male
Toperon,male
Wees,male
Raque,female
Sallyl,female
Nancis,female
Ksorab,male
Stany,male
Camiet,male
Branda,female
Helly,female
Tance,female
Robyny,andy
Lilace,female
Sps,male
Frook,male
Goles,male
Bar,male
Caper,male
Astrak,male
Jeroy,male
Regana,female
Elia,female
Kaffias,male
Edaruma,male
Pomera,male
Vegas,male
Ancham,male
Carma,female
Nuson,male
Thony,male
Arraid,andy
Pebuts,male
Picers,female
Inen,female
Shally,female
Carita,female
Searla,female
Prilly,female
Nica,female
Tyle,male
Wena,female
Branca,female
Dont,male
Weney,female
Guye,male
Cowhex,male
Yogark,male
Jacks,male
Eerch,male
Panbug,male
Gran,male
Gone,male
Colf,male
Grake,male
Evan,male
Blues,male
Carly,female
Done,female
Krus,male
Teda,female
Keitha,female
Weias,male
Diedow,male
Puffes,male
Alas,male
Almone,female
Froos,male
Tous,male
Glueba,female
Anchib,male
Mele,female
Genifi,male
Camily,female
Diphah,male
Leenny,female
Dawne,female
Ashir,male
Errohs,male
Squars,female
Feryla,female
Segino,male
Dord,male
Maen,male
Etair,male
Lerome,male
Cathya,female
Terf,male
Byront,male
Judya,female
Marice,female
Derine,female
Valex,male
Jacky,male
Roydo,male
Krabik,female
Grasath,male
Tetra,female
Alasym,male
Furuson,male
Skaton,male
Algor,male
Dhenar,male
Atino,male
Castab,male
Phonons,male
Ernice,female
Ashird,male
Lesley,andy
Oraryn,male
Betena,female
Suhelik,male
Dony,male
Naviton,male
Briney,female
Jona,female
Jaimer,male
Hary,male
Kell,male
Adriet,male
Hallah,female
Beneba,andy
Garley,male
Quites,female
Annya,female
Charly,male
Jasony,male
Bellah,female
Hekaton,male
Lewise,male
Phios,male
Unfly,male
Guanch,andy
Weros,male
Ireen,female
Pentard,male
Lorian,male
Berios,male
Lynney,female
Cousk,male
Stray,male
Weet,male
Loresa,female
Hits,male
Tricky,male
Pharmus,male
Eduard,male
Ronna,female
Dandy,male
Elancy,andy
Virgie,female
Dandra,female
Resers,male
Batech,male
Veroy,male
Tine,female
Chrey,male
Luzel,female
Francy,female
Wezncha,female
Bram,male
Marfak,andy
Naslon,male
Muonons,male
Polaton,male
Sollum,male
Achib,male
Brita,female
Zinopus,male
Mesatan,male
Aston,male
Blanie,female
Phia,female
Evane,female
Cliney,male
Ellard,male
Tanley,female
Verek,male
Fanna,female
Elanda,female
Dabik,male
Ward,male
Meropus,male
Hadyon,male
Brinez,male
Graw,male
Wales,male
Parney,male
Teron,male
Push,male
Denis,male
Dennya,female
Cus,male
Mats,male
Tyrona,female
Benny,male
Baton,male
Elina,female
Iney,female
Lesatik,male
Mirark,male
Enifik,male
Syrmark,male
Blesh,male
Cowns,male
Ree,female
Chargin,male
Aino,female
Taurak,male
Eliana,female
Fronch,male
Hekark,male
Naosura,female
Row,male
Allie,female
Lynnee,female
Debora,female
Dyonon,male
Izarino,male
Loree,female
Elica,female
Camonk,male
Colal,male
Loria,female
Rice,male
Hadira,female
Ferry,male
Elara,female
Nathy,female
Swafox,male
Aldun,male
Minopus,male
Tabius,male
Hallux,male
Lulah,female
Leonyl,male
Joela,female
Zanin,male
Hardy,male
Shawne,male
Shany,female
Len,male
Ronia,female
Grats,male
Flamal,male
Deandy,andy
Kyley,female
Aude,female
Haryn,male
Aptal,male
Jurs,male
Astab,male
Stene,male
Nicey,female
Danie,female
Coves,male
Beah,female
Chrisa,female
Gera,male
Anny,female
Isaacy,male
Sadirak,male
Chery,female
Hanne,female
Batomam,male
Kastrak,male
Eclass,male
Ots,male
Hadirk,male
Pigars,male
Gal,male
Torms,male
Pios,male
Thabius,male
Mirfar,male
Sterops,male
Tauria,female
Azharga,male
Alheneb,male
Kad,male
Kylen,male
Astrark,male
Rayley,male
Alramix,male
Vindem,male
Jandy,female
Soyos,male
Ryany,male
Bel,female
Hery,male
Glenry,male
Helley,female
Wenise,female
Supce,male
Llat,male
Alasmon,male
Ericia,female
Estine,female
Darley,male
Tops,male
Asellux,male
Weia,female
Walla,female
Tard,male
Achyon,male
Alderak,male
Betenif,male
Mardyon,male
Jell,male
Rantax,male
Landa,female
Kaye,female
Trick,male
Kariel,female
Warets,male
Guans,male
Minkab,male
Tope,male
Gluinol,male
Alraixa,female
Alhain,male
Jilla,female
Anniey,female
Tonyn,male
Annah,female
Jessa,female
Hamsp,male
Bath,male
Taura,female
Aldibi,male
Cines,male
Muls,male
Jeron,male
Enibik,male
Tin,male
Chard,male
Branev,male
Bahoton,male
Polam,male
Hasich,male
Isoton,male
Minoton,andy
Melice,female
Gwendy,female
Greggy,male
Scotty,male
Chael,male
Dicks,male
Muebix,male
Beeres,male
Cricks,male
Sugard,male
Flams,male
Askeid,male
Maya,female
Chelsa,female
Loreen,female
Hon,male
Joana,female
Cores,male
Ton,male
Arllia,female
Bertle,male
Gabrin,male
Losp,andy
Bases,male
Apple,female
Honjay,female
Muonon,male
Seats,female
Oats,male
Rana,female
Lyny,female
Dyonium,male
Mino,male
Pola,female
Maril,female
Guteda,female
Erie,male
Paulas,male
Feline,female
Blancy,female
Stance,female
Troyce,male
Scellus,male
Ankabit,male
Ellene,female
Rickie,male
Cord,male
Croos,male
Cakes,female
Patoya,female
Millia,female
Craine,male
Cowl,male
Eleonon,male
Dory,female
Krisa,female
Dilatik,male
Aviton,male
Chabik,male
Tachir,male
Duhrk,male
Tran,andy
Hadlam,male
Troyra,female
Errim,female
Lidex,male
Anack,male
Oareel,male
Eulah,female
Rionk,male
Glenna,female
Stal,male
Misadr,male
Jabba,male
Cineys,male
Lix,female
Rician,female
Elanie,female
Josey,female
Grette,female
Bettie,female
Vana,female
Garyan,male
Annard,male
Joandy,male
Grany,female
Wheals,male
Sug,andy
Trohs,female
Jack,male
Arl,male
Permit,male
Cheat,male
Goos,male
Yapich,female
Bubbix,male
Fis,male
Moss,male
Mothab,male
Tetraix,male
Dixiel,female
Roswal,male
Flyros,male
Menkibi,male
Briane,andy
Brank,male
Adanne,female
Denny,male
Astorux,male
Thaban,male
Props,male
Nute,female
Pik,andy
Crans,male
Claine,female
Charry,female
Jeanny,female
Man,andy
Brene,female
Izarfik,male
Alendy,andy
Naros,male
Mela,female
Johna,female
Briam,male
Elinda,female
Lerion,male
Charmus,male
Ran,female
Dyonevi,male
Zaurah,female
Thab,male
Milyla,female
Mesarix,male
Matan,male
Atikard,male
Ashelik,male
Ranon,andy
Hadalm,male
Mins,male
Izarki,male
Elody,female
Danna,female
Frus,male
Ponts,male
Maiam,female
Arix,male
Astrah,male
Sanney,male
Hughy,male
Kimmy,female
Harlen,male
Halleth,female
Arrain,male
Wasalm,female
Holey,andy
Clus,male
Grafirk,male
Mesath,male
Auvan,male
Zaninon,female
Neila,female
Millie,female
Nakes,male
Pristy,female
Alatrix,male
Ecco,male
Genibah,male
Plat,male
Deaney,female
Bonyam,male
Benew,male
Oaters,male
Crin,male
Smal,male
Ranutz,male
Pan,andy
Phams,male
Frouse,male
Giedir,male
Carona,female
Patsya,female
Hanry,male
Sus,female
Scotte,male
Chadie,andy
Wenten,male
Juliey,female
Rosey,female
Myrace,male
Eilan,male
Tarmus,male
Garry,male
Set,andy
Grumak,male
Ebonyd,male
Achbah,male
Tera,female
Sts,male
Monam,male
Cellum,male
Tareson,male
Koops,male
Iandy,male
Hamelik,male
Eleaha,female
Jone,female
Lynez,female
Rald,male
Neutria,female
Hilley,andy
Dessie,female
Polar,male
Teryla,male
Hallus,male
Sceres,male
Therta,female
Gollux,male
Izaron,female
Rica,female
Allene,female
Duana,female
Nelley,female
Wein,male
Gicks,male
Gwenda,female
Achah,male
Marinon,female
Violey,female
Angars,male
Froops,male
Shail,male
Jerrye,female
Caseye,male
Shaiam,andy
Hadaron,male
Alpha,female
Skix,male
Varkes,male
Minchib,male
Alkeson,male
Emmax,male
Elene,female
Arlie,male
Therie,female
Boats,male
Terly,female
Earlie,male
Walles,male
Armen,male
Triple,male
Terrie,female
Grios,male
Erice,male
Glena,female
Jimen,male
Waffs,male
Gailia,female
Weidus,male
Wacks,male
Lar,male
Tamie,female
Allena,female
Gimph,male
Eriky,male
Joyton,female
Teremy,male
Wen,andy
Morrie,male
Walley,male
Shery,female
Alancy,andy
Fayen,male
Lyne,female
Jeresa,female
Kayd,male
Tonia,female
Bethew,male
Zino,male
Naosa,male
Sinon,male
Juanie,female
Dell,male
Muonin,male
Nadie,female
Caish,male
Bun,andy
Spuffs,male
Coreee,male
Stenny,andy
Wasatz,male
Wimpha,male
Camie,female
Valey,female
Weslie,male
Ranuts,male
Wilmay,female
Joya,female
Melia,female
Appers,female
Melvia,female
Bellee,female
Cort,male
Anamse,male
Basps,male
Trine,female
Crowk,male
Ericky,male
Aliedy,male
Nutz,male
Laude,andy
Naomie,female
Clard,male
Algrafi,male
Halsham,male
Deany,andy
Ockies,male
Yakers,male
Frandy,male
Otlios,male
Cherkar,female
Keithy,female
Willip,male
Erina,female
Markar,male
Aldebah,male
Chios,female
Weres,male
Alraida,andy
Duhra,male
Dorene,female
Hellia,female
Helean,female
Ret,male
Ste,male
Pars,male
Hion,female
Nancey,female
Elly,female
Sheleon,male
Gacrab,male
Dills,male
Beass,male
Alhail,male
Essara,female
Tundsh,male
Andine,female
Ros,female
Jel,male
Cireal,male
Heat,male
Leen,male
Auvara,male
Elebola,female
Stevey,male
Jet,female
Colly,andy
Altanin,male
Weid,male
Guaney,male
Anes,male
Scelava,female
Mergas,male
Wasaleh,male
Kerrie,female
Evaned,male
Molley,female
Carlie,female
Dianie,female
Bosonon,male
Axinon,male
Caia,female
Azet,male
Batares,male
Edaron,male
Paulie,male
Sonnie,male
Karie,female
Dona,female
Gral,male
Alfrey,male
Celeb,male
Bahyon,male
Cella,female
Jayne,female
Sterfik,male
Kocha,male
Zanino,male
Mirfark,male
Menchah,male
Azhah,male
Kumark,male
Nusakab,male
Wasath,male
Sugbix,male
Brancy,female
Tifet,female
Janita,female
Ers,male
Reneen,female
Mits,male
Wee,male
Ork,male
Alls,male
Card,male
Elany,female
Harrie,male
Eriney,female
Erick,male
Hughan,male
Stace,female
Genubi,female
Melica,female
Ivaney,male
Wasatan,male
Rinnab,male
Lillen,male
Celava,female
Andyn,male
Curtle,male
Bethy,female
Ianna,female
Bretty,female
Luise,female
Lison,female
Karah,female
Misamak,male
Wine,male
Evenna,female
Terope,male
Snich,male
Newtch,male
Nelsie,female
Catha,female
Marms,male
Sarthim,male
Aarone,male
Derina,female
Lyn,female
Briany,female
Merops,female
Antonon,male
Tautrix,male
Geno,male
Cupers,male
Babix,female
Shres,male
Razzle,male
Tauva,female
Eulahy,male
Brafirk,male
Batses,male
Franda,female
Hencey,male
Melara,andy
Ren,andy
Sadark,male
Antone,male
Andice,female
Enrie,male
Hal,male
Ricia,female
Jackix,female
Wilves,male
Diles,female
Nance,female
Idace,andy
Aldhib,male
Chamak,male
Dscheat,male
Naomin,female
Mamina,female
Winia,female
Sethew,male
Moniey,female
Alsham,female
Andrey,male
Diram,male
Tachba,male
Grafi,male
Medib,male
Kitauon,male
Wale,male
Muld,male
Sadrus,male
Arion,male
Tonnie,male
Lilasa,female
Stote,male
Hocops,male
Elindy,female
Shan,andy
Pamiea,female
Darry,male
Mistie,female
Aske,male
Sharie,female
Isa,female
Beant,male
Cings,male
Fex,male
Timmie,male
Leony,female
Bet,female
Anchird,male
Timmy,male
Dunch,male
Aleen,female
Karia,female
Coxah,male
Joyces,female
Ellena,female
Quarke,male
Rasatik,male
Violan,andy
Berty,male
Fredy,male
Shard,male
Alvira,female
Murie,female
Trise,female
Hatty,female
Mathy,female
Frunch,male
Mes,male
Willah,female
Adria,female
Guyne,female
Darlie,female
Bobbyn,female
Alaton,male
Arkard,male
Muffs,andy
Genee,female
Andace,male
Preo,male
Alik,male
Wheard,male
Whark,male
Ars,male
Seginon,male
Beneb,female
Sadra,female
Sarid,male
Goros,male
Proxima,male
Maryne,female
Duhrid,male
Jumars,male
Hont,male
Artis,male
Lina,female
Tonioe,female
Emilla,female
Anae,female
Lios,male
Croo,male
Jerek,male
Anda,female
Luxion,male
Sadine,female
Tabih,male
Zinor,male
Unukath,male
Arkar,male
Gorab,male
Alzird,male
Hamak,male
Kimena,female
Annon,male
Canonon,male
Markton,male
Teronan,male
Rotanin,male
Rasaleh,andy
Antino,male
Bra,female
Bony,male
Eduana,female
Byrona,male
Russey,male
Morms,male
Toniel,male
Clues,male
Lan,andy
Hones,male
Powhex,male
Katiey,female
Caphird,male
Leneva,female
Eilace,female
Karay,male
Hollie,female
Gerly,female
Irmark,male
Everly,female
Julin,male
Wat,male
Bara,female
Kirky,male
Sumpix,male
Winon,male
Herina,female
Repart,male
Izares,female
Sceros,female
Dirius,male
Eang,andy
Almino,male
Krab,male
Alcorux,male
Alyadum,male
Shamak,male
Duhratz,male
Tot,male
Izarkab,male
Rosiey,female
Hocks,male
Okulk,male
Marin,male
Coxaton,male
Skyrmak,male
Alcorix,male
Benja,male
Chary,female
Weers,male
Gordo,male
Tark,male
Samany,male
Tors,male
Lynnie,female
Lychex,male
Oahars,male
Rankie,male
Cor,male
Prabon,male
Paulia,female
Ronne,male
Salley,female
Errima,female
Hyaduma,female
Neutrin,male
Ankark,male
Ankabih,male
Arid,male
Lis,female
Giedion,male
Enifak,male
Elenna,female
Vina,female
Lorey,female
Duckes,male
Kencey,andy
Terina,female
Vanard,male
Jeane,female
Jayrin,male
Joanry,male
Dorice,female
Eristy,female
Weznif,male
Raceky,male
Zauri,male
Rayne,andy
Tyrony,male
Daisya,female
Lavey,andy
Marily,female
Diandi,andy
Deanny,female
Phernar,male
Sallos,male
Rayle,andy
Estina,female
Arin,male
Quarkib,male
Askedus,male
Pokix,male
Jordy,male
Muonan,male
Elicia,female
Pennie,female
Sanda,female
Claura,female
Line,female
Heryle,female
Sesh,male
Iria,female
Alam,male
Sall,male
Zavior,male
Solaron,male
Allota,male
Jurbet,male
Bleark,male
Donut,female
Fams,male
Tyog,male
Cocowl,male
Calvia,female
Alicey,female
Yola,female
Kerryn,female
Gibil,male
Emoles,male
Lestie,female
Therry,male
Wenny,female
Eillis,andy
Clers,male
Monald,male
Amela,female
Juline,female
Elicey,female
Ine,female
Sylvin,male
Thery,male
Diskeon,male
Gies,male
Cin,female
Hekaron,male
Decruxa,male
Coxatik,male
Choney,female
Tauxon,male
Cheats,male
Anakes,male
Lynnon,female
Stanya,female
Alballa,male
Carold,male
Alcyon,male
Shalle,male
Jarena,female
Nelle,female
Vick,male
Alley,female
Minies,female
Ainor,female
Whee,male
Gerry,male
Gerek,male
Agnesa,female
Allara,female
Marky,male
Felia,female
Thelix,male
Propsh,male
Hadiram,male
Atrinon,male
Saxinon,male
Jaimez,male
Troya,female
Leene,female
Annez,female
Mabela,female
Slix,male
Caiah,female
Krazet,male
Apix,male
Hone,andy
Racyle,male
Billey,male
Armene,female
Vanley,male
Alhair,male
Magnon,male
Whers,male
Benda,female
Vandy,male
Beathy,female
Coxark,male
Ashira,female
Schird,male
Zaurion,male
Arino,male
Castork,male
Neshath,male
Brina,female
Axionif,male
Herms,male
Dia,female
Letta,female
Cheddin,male
Nesham,male
Sheleb,male
Burbix,female
Tonald,male
Ranan,female
Olgary,male
Timyra,female
Therly,female
Gretty,female
Sex,male
Wins,male
Ambert,female
Mesh,male
Weion,male
Altara,female
Megany,female
Delody,male
Gomeron,male
Sugark,male
Jeandy,female
Sadirab,male
Cellah,female
Zinoth,male
Plas,male
Alaslon,male
Froder,male
Delley,male
Penne,female
Julion,male
Apuffs,male
Lucan,male
Cary,male
Sallie,female
Joyn,male
All,male
Viviay,female
Crisey,female
Cheliak,male
Gluebah,male
Candyn,female
Mirakis,male
Dirfak,male
Okulus,female
Gracia,female
Ianne,female
Marlly,female
Heald,male
Louisa,female
Powl,male
Anton,male
Lesaten,male
Alramak,male
Pattin,male
Gaylah,male
Luison,male
Jele,female
Tabbah,male
Alark,male
Belly,male
Janee,female
Marynk,female
Philia,female
Dscha,female
Bryany,female
Alatrin,male
Asellan,male
Alduson,male
Sadir,male
Janne,female
Henryn,male
Brie,female
Algedia,female
Marf,male
Olliey,female
Eriey,male
Sonard,male
Cray,male
Jur,male
Lles,andy
Mabley,male
Weaffs,male
Giedia,male
Beals,male
Latsts,male
Kene,male
Prah,male
Dianya,female
France,female
Natha,female
Marine,female
Elfs,female
Lopedo,male
Stoate,male
Slig,male
Andra,female
Annaha,female
Tostex,male
Thel,male
Karene,female
Chon,andy
Ellana,female
Altares,male
Alvia,female
Poselk,male
Ral,male
Hoces,andy
Fow,male
Gorice,male
Sergia,female
Gabria,female
Clech,male
Eltaird,male
Coreen,female
Cheeet,male
Prish,male
Ivanne,female
Ollip,male
Allia,female
Barkix,male
Karlen,male
Zinonon,male
Alrairk,male
Grawk,male
Taraid,male
Brance,male
Pulchib,male
Ranons,male
Milda,female
Ralda,female
Willey,male
Adrie,andy
Apench,male
Burs,male
Shood,female
Sumpid,male
Skatik,male
Ruchban,male
Thondy,andy
Yilduno,male
Ernard,male
Cherry,female
Beula,female
Tabdhib,male
Polah,female
Atonea,male
Nasliak,male
Clarry,andy
Andie,female
Lanedy,andy
Dow,male
Gratsp,male
Ricard,male
Mos,male
Gemmam,female
Axionon,male
Lesat,male
Poloos,male
Jillie,female
Wealke,male
Genubik,male
Sterion,male
Beal,male
Batenar,male
Asellum,male
Luxons,male
Beten,male
Polluma,female
Alaron,male
Geons,male
Elebara,female
Enibah,male
Elsane,female
Lish,female
Murzima,female
Lindy,female
Evendy,male
Kimmie,female
Alyat,female
Heersh,male
Cellex,male
Igrish,female
Wezna,female
Elenay,female
Karlie,female
Janney,female
Lawren,female
Koat,male
Sta,male
Prow,male
Netty,female
Bens,male
Gers,male
Harlos,male
Monard,male
Paulah,female
Jacats,male
Debony,female
Joelan,male
Stisps,male
Antony,male
Alatik,male
Girtan,male
Dira,female
Cornys,male
Rone,male
Mergak,male
Comats,male
Bonya,female
Kies,male
Candy,female
Keidus,male
Gileen,female
Ninald,male
Tamin,male
Ter,male
Naish,male
Dorey,female
Brada,male
Yolana,female
Leondy,male
Carley,female
Golaron,male
Nunkib,male
Analdy,male
Alber,male
Meal,male
Eila,female
Glasey,male
Minus,male
Eet,male
Caphirk,male
Mariton,andy
Alchird,male
Preonon,male
Phacton,male
Sabiton,male
Winork,male
Enryn,male
Minon,female
Alsafik,male
Arrai,male
Stey,male
Guits,male
Chelik,male
Smonch,male
Sil,andy
Derry,male
Goldch,male
Dhena,female
Mahamak,male
Glene,female
Dwin,male
Benebah,male
Quid,male
Majoth,male
Alinon,male
Joycey,female
Etha,female
Coxak,male
Wafox,male
Oafron,male
Grafik,male
Branasl,male
Nusoton,male
Sups,male
Wor,male
Ireene,female
Con,male
Snoles,male
Acceleb,male
Sheratz,male
Luxinon,male
Berta,female
Made,female
Lardy,male
Alphact,male
Adammy,male
Cindee,female
Neutrix,male
Lies,female
Ban,andy
Res,male
Treynx,male
Carde,male
Want,male
Pikes,male
Ries,male
Oakes,male
Unch,andy
Vere,female
Garion,male
Homamin,male
Zedark,male
Ainoxa,female
Yolas,male
Rassias,male
Tarah,female
Idave,male
Sadlam,male
Sealfs,male
Apies,male
Kendre,male
Alrais,male
Tach,male
Meratz,male
Mesonon,male
Swoass,male
Wally,male
Kris,male
Rank,male
Jacki,female
Adamie,male
Lillia,female
Eleon,andy
Navior,male
Lilly,female
Gracey,female
Jabbab,male
Castram,male
Honey,female
Pank,male
Shelik,andy
Daven,male
Rena,female
Misa,female
Pies,male
Relix,male
Worms,male
Maryn,female
Quarkab,male
Felice,male
Rancy,female
Noria,female
Jodia,female
Bosonan,male
Dabiton,male
Swack,male
Manth,male
Helle,female
Jodip,male
Royce,male
Jilly,female
Eggies,male
Mark,male
Naschab,male
Libers,female
Heidie,female
Guink,male
Matty,female
Bobina,female
Racily,male
Callix,male
Oraine,male
Aleroy,female
Yogal,male
Alteron,male
Gatrin,male
Stelly,female
Asch,male
Tarrak,male
Darrie,male
Genons,male
Bottom,male
Furudra,male
Taurius,male
Boon,male
Hock,male
Therek,male
Corse,male
Wifel,male
Smark,male
Shain,male
Popow,female
Terops,male
Sadirk,male
Apsps,male
Margio,male
Lonnez,male
Iononus,male
Mesatik,male
Dilath,male
Cowlat,male
Hammet,male
Smats,andy
Trisp,female
Acruxon,male
Jonard,male
Berly,female
Grey,male
Coats,male
Gabrie,male
Suhain,male
Gleney,female
Benry,male
Monch,male
Jeanna,female
Loisey,male
Lyney,female
Lloyde,male
Eddiey,male
Celis,female
Pefox,male
Goleer,male
Caw,male
Photope,male
Jimmyn,male
Taban,male
Tany,female
Min,andy
Jeanie,female
Tabiton,male
Florey,female
Cints,female
Amandy,female
Pent,female
Sadirux,male
Tarino,male
Swaffs,male
Phecca,female
Ankaan,male
Blakes,male
Kraban,male
Ankab,male
Hadirah,female
Panter,male
Jord,male
Tracia,female
Charga,female
Cink,male
Acraban,male
Nilly,female
Wafros,male
Mitch,male
Rowl,male
Ritey,andy
Solark,male
Saiphda,female
Krios,male
Antak,male
Bakix,male
Minoces,male
Kitakan,female
Shaiaz,male
Berk,male
Aarjel,male
Seat,male
Chones,male
Lorice,female
Eloos,male
Jaye,female
Aps,male
Trice,male
Stax,male
Gech,male
Wal,male
Zedares,male
Heila,female
Mall,female
Jamela,female
Sce,andy
Backse,male
Fres,male
Dous,male
Spies,male
Colle,female
Katen,female
Pech,male
Eggers,male
Letty,female
Life,male
Herita,female
Womel,male
Dorie,female
Golve,male
Fery,male
Karley,female
Alphah,male
Ech,male
Jennyn,female
Inerry,male
Lonna,female
Vuls,male
Ellie,female
Bosoneb,male
Healls,male
Munda,female
Stancy,female
Carlen,female
Chrets,male
Mon,female
Harvin,male
Alphein,male
Fayel,male
Des,male
Rosts,male
Terion,male
Dwigh,male
Prope,male
Mard,male
Antinon,male
Kabiak,male
Nasl,female
Allyn,female
Sarino,male
Auvab,male
Wings,male
Quan,male
Yolace,male
Swink,male
Vivers,male
Alathim,male
Maasyma,female
Maurie,female
Pamont,male
Acrabih,male
Azhab,male
Diskeh,male
Betenar,male
Shellum,male
Jihoton,male
Yalmon,male
Blanda,female
Lorie,female
Blat,male
Kadown,male
Stra,male
Auvair,male
Julies,male
Sargin,male
Kelle,female
Taurion,male
Almelik,male
Ming,andy
Blers,male
Caseya,female
Zinon,male
Par,female
Marix,female
Blance,female
Stalie,female
Peefox,male
Eline,female
Hog,male
Stech,male
Misaleh,male
Jenn,female
Coley,andy
Guyl,female
Toal,male
Berna,female
Batrix,female
Blus,male
Jilley,female
Atonib,male
Enib,female
Tig,male
Dary,female
Alarmus,male
Saleh,male
Nice,female
Antitak,male
Mara,female
Cruis,male
Vitax,male
Herry,male
Samana,female
Mone,female
Caiamin,male
Zubeneb,male
Syrmino,male
Bonne,male
Algenif,male
Luxab,male
Swal,male
Stsan,male
Wallyn,male
Kenny,male
Frohs,andy
Honda,male
Besse,female
Chtios,male
Cinda,female
Coakey,male
Clow,female
Zosmas,male
Olly,female
Beres,male
Elerops,male
Smarve,female
Daley,male
Celina,female
Rose,female
Weessh,female
Skies,male
Wase,male
Cole,male
Ela,female
Pot,male
Leria,female
Gayla,female
Frunad,male
Terry,male
Ungles,female
Amyra,female
Shamark,male
Sweal,male
Dakes,male
Komos,male
Mesaton,male
Eltais,male
Fomalik,male
Kurta,male
Taux,male
Vanez,female
Mardach,andy
Masal,female
Mirara,female
Ally,female
Sha,andy
Vin,male
Rhonya,female
Colax,male
Beide,andy
Ebonya,female
Pants,male
Lig,male
Shersp,female
Marvey,andy
Rossie,female
Coyal,male
Poot,male
Nios,male
Zosmark,male
Vane,female
Hen,male
Spros,female
Gocock,male
Yvonna,female
Brence,male
Luxonon,male
Zedarga,male
Genif,andy
Tabik,male
Denuts,male
Achium,male
Dsch,male
Gimpus,male
Stendy,male
Nuscham,male
Sadaton,male
Jonaye,female
Guar,male
Mesarid,male
Ivanna,female
Joeula,male
Wayney,male
Dorah,female
Coate,male
Mareson,male
Geneen,female
Sabit,male
Hilly,female
Ale,male
Fispot,male
Smals,male
Guls,female
Juane,male
Muonus,male
Castra,male
Mayne,male
Fisps,male
Sters,male
Unchal,male
Crisp,male
Racey,female
Gatrino,male
Keidhma,female
Astula,female
Thallah,female
Sabiark,male
Alino,male
Tive,male
Eltard,male
Bants,male
Chex,male
Ionium,male
Hene,andy
Megrezn,male
Clindy,female
Mesarga,male
Wolous,male
Cranch,male
Joanie,female
Billa,male
Ermank,male
Cellus,male
Shabih,male
Jenne,male
Alar,male
Alrak,female
Cint,female
Fal,male
Vanie,female
Dies,male
Gut,male
Eriana,female
Floyde,male
Leahy,andy
Ray,male
Regory,male
Crowls,male
Challa,male
Evey,female
Son,male
Becca,female
Luisy,female
Coos,male
Hekabih,male
Tibers,male
Chrice,male
Tights,male
Flys,male
Azham,male
Algeno,male
Shaton,female
Froon,male
Elice,female
Mesatz,male
Canon,male
Rowls,male
Schyon,male
Jennya,female
Diramak,male
Dnocese,male
Alurope,male
Anchira,female
Gray,male
Tauvaah,male
Ginald,andy
Brark,male
Tachium,male
Ors,male
Aars,male
Forms,andy
Cird,male
Cakers,male
Maiah,female
Heales,male
Edgary,male
Juaney,female
Caphact,male
Acrabik,male
Kendy,female
Ionan,male
Avijava,female
Sarich,female
Cinkes,male
Puffs,male
Barks,male
Fruik,male
Rants,andy
Othawk,male
Risps,male
Wille,male
Wezno,male
Almara,female
Meron,female
Maiamak,male
Oateal,male
Cors,male
Nandy,female
Gailya,female
Scepton,male
Astonon,male
Diph,male
Sulabik,male
Chellus,male
Rotan,male
Gops,male
Sies,male
Supix,male
Patha,male
Chid,male
Ainkard,male
Sadiram,male
Bix,male
Yvetta,female
Gerte,female
Asteron,male
Menkark,male
Rispid,male
Chelly,female
Bland,male
Genubia,female
Raulia,female
Lidenx,male
Anthia,female
Rowne,male
Adamy,male
Ber,male
Weionan,male
Marace,andy
Oalls,male
Wheal,male
Trion,male
Dellia,female
Alles,male
Tammyl,female
Sadach,andy
Zedasim,male
Leshmet,male
Ranch,male
Lelah,female
Shams,andy
Rence,male
Fles,male
Strali,male
Meisa,female
Possh,female
Altar,male
Spurim,male
Halesh,male
Thaldah,male
Meline,female
Gibers,male
Tonyan,male
Louisy,female
Pich,male
Ranark,male
Kohs,male
Hinnan,andy
Coxaron,male
Cheleon,male
Ranopus,male
Dynx,andy
Robyna,female
Idacey,male
Salros,male
Fomamak,male
Wasaton,male
Grum,male
Phah,male
Azhasim,male
Milyn,female
Annams,female
Gillie,female
Terons,male
Gemmark,male
Coxan,male
Terek,male
Price,male
Fowoos,male
Rooses,female
Ricke,male
Labix,male
Frey,male
Erraid,male
Cats,female
Sunk,male
Gluinom,male
Atrino,male
Yos,male
Jacque,female
Belix,male
Terald,male
Sino,male
Randa,female
Arla,female
Quakes,male
Kenda,female
Auvam,male
Alrair,male
Ples,male
Aldah,female
Cank,male
Oss,male
Mocake,male
Skatzn,male
Skatz,andy
Goats,male
Crunch,male
Eal,andy
Pil,andy
Toddie,male
Furus,male
Alarion,male
Hamakan,male
Kabih,male
Tancis,male
Ronard,male
Algork,male
Sadrix,male
Giamon,male
Sabih,male
Bellus,andy
Alraium,male
Salas,male
Aton,male
Okula,male
Wardan,male
Aludram,male
Vanney,female
Taurah,andy
Denne,female
Dirk,male
Dian,female
Syrmion,male
Zaviton,male
Watros,male
Meass,male
Mediah,female
Fayey,male
Cobix,female
Wifts,male
Whex,male
Gice,female
Lift,male
Crunde,male
Nichad,male
Korneb,male
Arraiam,male
Galowl,male
Sonald,male
Suls,male
Chal,andy
Oslos,male
Suhaion,male
Sulaton,female
Capies,male
Hekab,male
Rafox,male
Beidus,male
Spikes,male
Faithy,female
Siese,male
Errak,male
Bon,andy
Bobara,male
Alarkab,male
Enifark,male
Lus,male
Chreet,male
Lulard,male
Ruchbia,male
Erman,male
Panzel,andy
Rona,female
Cruses,male
Cine,male
Jagles,andy
Cline,female
Dennie,male
Bats,male
Brab,male
Scers,male
Les,male
Naffsh,male
Toat,female
Yots,male
Puffal,male
Mites,male
Clakey,male
Lonnis,male
Waffes,male
Packs,male
Sular,female
Neysma,female
Joanny,male
Ane,female
Andary,female
Thabih,female
Davis,male
Inette,female
Scera,female
Courta,male
Kochard,male
Gramus,male
Moste,male
Raptax,male
Celavar,male
Eleah,female
Hule,male
Alsha,female
Sanya,female
Crick,male
Gork,male
Leos,male
Instan,male
Alhaino,male
Mediton,male
Kennie,male
Alraiam,male
Gorsp,male
Alie,female
Alrakan,male
Celeon,male
Wasalam,male
Hilia,female
Chainon,male
Achiram,male
Diason,male
Fros,male
Isotone,male
Forn,male
Veremy,male
Brakis,male
Bler,male
Toisps,male
Flark,male
Porrimp,male
Sunch,male
Atonon,male
Hoce,male
Supies,male
Nesch,male
Minkark,male
Cruts,female
Chesty,male
Sabi,female
Jeret,male
Bonyan,male
Sadalm,male
Sitron,male
Jackok,male
Koot,andy
Tote,andy
Tax,male
Clek,male
Murs,male
Photons,male
Sargah,female
Sceleon,male
Racy,female
Neutrak,male
Menkin,male
Healle,female
Sadares,male
Tench,andy
Allift,male
Rish,male
Rahars,male
Cops,male
Money,male
Atinon,female
Panch,male
Bares,male
Anyonon,male
Hark,male
Sulatik,male
Rosean,female
Felios,male
Pos,male
Toats,male
Pleion,male
Docks,male
Craird,male
Raston,male
Eleb,male
Oark,male
Laptin,male
Sugaly,female
Mesons,male
Asterf,male
Thew,male
Stelle,female
Hocorz,male
Tares,male
Krabius,male
Grog,male
Sadaron,male
Totax,male
Mondax,andy
Tarf,female
Minnys,female
Oatch,male
Chonk,male
Gluinon,male
Winons,male
Merabik,male
Gicket,male
Mariel,female
Heers,andy
Saxino,male
Medion,male
Cros,male
Geonkaa,male
Chabih,male
Majoram,male
Kentha,male
Alsuud,male
Alrain,female
Ryanne,female
Norahe,female
Tricki,male
Daryla,female
Billia,male
Mintard,male
Lesaton,male
Ger,andy
Karena,female
Weino,male
Altairk,male
Menkard,male
Ves,male
Markard,male
Eltares,male
Dhenah,male
Winopus,male
Haldah,female
Feles,male
Alex,male
Alcorab,male
Arkaban,male
Zaurid,male
Morny,andy
Rhony,male
Hers,male
Eles,male
Duhrak,male
Lolas,female
Gonut,andy
Alcoran,male
Grastab,male
Muonea,male
Yildus,male
Kitauva,female
Hard,male
Schabik,male
Aliakan,male
Jonald,male
Britta,female
Vine,female
Pherkab,male
Alhaula,female
Halla,female
Harz,male
Cark,male
Allots,female
Aard,male
Jetax,male
Rhex,male
Okulam,male
Sulaos,male
Cappe,male
Cherkab,male
Nusakar,male
Alene,female
Lops,male
Dooss,male
Casps,male
Bralino,male
Yaphex,male
Altan,male
Cants,male
Pebray,male
Davisy,male
Gatrix,male
Matark,male
Hezenif,male
Garlie,female
Keided,male
Sariton,male
Hillie,female
Pleions,male
Jagice,male
Sadar,male
Jodyn,female
Idarry,male
Dyonif,male
Miatrix,female
Cocors,male
Kaboson,male
Rinkes,male
Tabia,female
Mounch,male
Cuses,male
Berbee,female
Tracek,male
Winonon,male
Neilda,female
Charaz,female
Azhat,male
Marga,female
Arinon,male
Atlasym,male
Dondy,male
Anch,andy
Achira,andy
Lers,andy
Becruxa,male
Dwindy,female
Sula,female
Hadaton,male
Pattie,female
Ianley,male
Arkeb,male
Unchre,male
Gous,male
Altaira,female
Carkes,male
Miken,male
Whead,male
Henrie,male
Jimmya,female
Nutch,female
Marlie,female
Errairk,male
Gravior,male
Robina,female
Nes,female
Lakes,male
Wors,male
Geney,andy
Kitak,male
Etamino,male
Gorabih,male
Giebara,male
Jifes,female
Coryl,female
Sabireo,male
Coass,male
Jihda,male
Patsyn,male
Duhrkab,male
Asellah,male
Elebi,male
Phargak,male
Caphira,female
Izarkar,male
Frunk,male
Gra,female
Shex,male
Single,andy
Lifes,andy
Donnie,male
Tabanar,male
Eltan,male
Widous,male
Dors,female
Allyny,female
Tekris,male
Glorey,female
Menkaa,female
Phamark,male
Gacke,female
Rail,male
Ainon,female
Elix,male
Slus,male
Proos,male
Eleron,male
Spurin,male
Alurops,male
Mares,andy
Blug,male
Alkaida,male
Terfak,male
Alwaide,male
Vulark,male
Majora,male
Fomam,male
Edar,male
Wimps,male
Walmon,male
Range,male
Kokrus,male
Aspica,female
Sulah,andy
Alkurak,male
Muew,male
Unchex,male
Caston,male
Sadlami,male
Chees,male
Bleda,female
Pheino,male
Anchab,male
Hasim,male
Widin,male
Cles,male
Pold,male
Pix,male
Walls,male
Suhaino,male
Toale,male
Conth,male
Nunkino,male
Mureah,male
Sularon,male
Gorabba,female
Gieba,andy
Genubih,male
Melios,male
Schelik,male
Zibah,female
Muontak,male
Pros,male
Bonutz,male
Dabi,male
Monkle,male
Geonev,male
Marfar,male
Mira,female
Gamuls,male
Oate,male
Minonus,male
Turbix,male
Phex,male
Dannie,male
Azim,male
Boos,male
Cheratz,male
Cherrak,male
Loss,male
Marazha,female
Shog,female
Alamin,male
Pollum,female
Polari,male
Guts,male
Blech,male
Neypus,male
Ales,male
Gon,andy
Meratzn,male
Grioss,male
Guada,female
Meram,female
Erfros,male
Alzirk,male
Guark,male
Beris,andy
Doray,female
Ionon,male
Cran,male
Guakes,male
Doulls,male
Phoros,male
Perryl,male
Himass,andy
Asellab,male
Spix,male
Hex,male
Marrai,female
Wimplas,male
Yales,male
Elos,male
Cinch,male
Adharan,male
Ducks,male
Ariton,male
Ties,male
Rasalm,male
Hekarf,male
Gieses,male
Graston,male
Bles,andy
Hork,male
Arrak,male
Ainons,male
Brak,male
Crat,male
Tex,male
Shatrix,male
Doakes,male
Lilley,female
Canons,male
Alyatik,male
Lette,female
Kie,male
Heres,male
Gons,male
Donch,male
Aldus,male
Erine,female
Alraia,male
Tachib,male
Aark,male
Park,male
Kajamak,male
Weiaham,male
Sher,male
Tonch,male
Booss,male
Sadard,male
Golaran,male
Mans,male
Mera,female
Jihonon,male
Enry,male
Sinkes,male
Varz,male
Chamark,male
Ney,male
Mulk,male
Colde,male
Mose,male
Pie,male
Tros,male
Ionons,male
Tart,male
Crios,male
Zers,male
Pebix,male
Nunkibi,male
Taram,male
Ruthy,female
Rankes,male
Asinch,male
Turs,male
Alchib,male
Mulkes,male
Flakes,male
Meisam,male
Quits,male
Tornes,male
Hamus,male
Herk,male
Tos,male
Dabireo,male
Chars,male
Aleys,andy
Atrix,male
Sergie,male
Macon,male
Alraid,male
Pok,andy
Algiedi,female
Los,male
Majorab,male
Propent,male
Carves,male
Per,male
Ants,male
Gian,male
Chain,male
Ritars,male
Toate,male
Hassias,male
Badont,male
Railes,male
Alinan,male
Caks,male
Hony,male
Skunch,male
Volath,female
Pioss,male
Anie,female
Batenah,male
Griste,male
Graisp,male
Steron,male
Cers,male
Tachird,male
Dilamin,male
Hoow,male
Quars,male
Bers,male
Douse,male
Mizark,male
Macode,male
Tures,male
Ops,male
Wer,male
Mars,male
Dings,male
Golos,male
Alyark,male
Rookix,male
Wark,male
Porrim,male
Celavas,male
Azimuon,male
Sal,male
Spil,male
Anney,female
Muons,male
Batenan,male
Llix,male
Cobys,male
Tachbah,male
Tabus,male
Stchex,male
Ses,male
Prie,female
Orz,male
Zosmar,male
Ranats,male
Docoos,male
Jihalla,female
Pid,male
Alram,male
Alyaton,male
Zubens,male
Mizarf,male
Alraino,male
Sugars,female
Avitons,male
Cups,male
Aludrab,male
Eltar,male
Thabik,male
Tarfik,male
Rans,male
Yildunt,male
Boteino,male
Fes,male
Alphain,male
Chicke,female
Coce,male
Bahamin,male
Serkex,male
Edark,male
Brachir,male
Sar,male
Sunkle,male
Heep,male
Reats,male
Aspies,male
Acrabi,male
Munch,male
Rassas,male
Alspil,male
Dubheat,male
Pollus,male
Heats,male
Rangma,male
Tetratz,male
Askera,male
Alk,male
Apples,male
Enifirk,male
Roos,male
Axionin,male
Sinuls,male
Naoson,male
Quants,male
Dilk,male
Errakis,male
Zibaham,male
Smon,male
Root,male
Edasim,male
Sargino,male
Crus,male
Aspicah,male
Miaplas,male
Aldush,male
Nekkard,male
Rhimp,male
Phein,male
Giebah,male
Rheers,male
Kumak,male
Eleons,male
Gros,male
Alnath,female
Bellum,male
Medi,male
Alraion,male
Krunch,male
Pus,male
Geonon,male
Chonts,male
Slose,male
Kink,male
Mimosam,male
Grants,male
Asham,male
Eats,male
Pary,female
Grams,male
Koks,male
Feries,male
Anchium,male
Sinons,male
Kokix,male
Kabens,male
Unukat,male
Azaleha,female
Triesh,male
Deneba,female
Dabit,male
Mizaron,male
Sales,male
Murzimp,male
Spon,male
Strish,female
Chies,male
Anams,male
Oale,male
Achirk,male
Alebix,male
Reybra,female
Posts,male
Hadum,male
Hynx,male
Anamos,male
Alshail,male
Tarain,male
Nekkark,male
Mus,male
Stight,male
Wheets,male
Eres,male
Dat,male
Solarid,male
Denna,female
Acruxa,male
Ocoats,male
Arts,male
Weer,male
Perit,male
